Europe,United Kingdom
Europe,Spain
Europe,Russian Federation
Europe,Portugal
Europe,France
Europe,Germany
Europe,Austria
Europe,Poland
Europe,Luxembourg
Europe,Switzerland
Europe,Italy
Africa,Algeria
Africa,Egypt
Africa,Chad
Africa,Libya
Africa,Morocco
Africa,Sudan
Africa,Tunisia
Africa,Nigeria
Africa,Democratic Republic of the Congo
Africa,Tanzania
Africa,Mozambique
Middle East,Pakistan
Middle East,Bahrain
Middle East,Kuwait
Middle East,Yemen
Middle East,Saudi Arabia
Middle East,Iraq
Middle East,Syria
Middle East,Oman
Middle East,United Arab Emirates
Middle East,Jordan
Middle East,Tajikistan
Middle East,Afghanistan
Middle East,Iran
Middle East,Israel
Middle East,Azerbaijan
Asia,China
Asia,India
Asia,Bangladesh
Asia,Japan
Asia,South Korea
Asia,Korea
SEA,Indonesia
SEA,Brunei
SEA,Malaysia
SEA,Viet Nam
Oceania,Australia
Oceania,Cocos Islands
Northern America,Canada
Northern America,United States
South America,Brazil
South America,Colombia
South America,Argentina
